id,name,therapist_count,therapists_sample
1130,メンズエステ Cucue (きゅきゅ),77,1130_1130-1
1134,M Spa (エムスパ),42,1134_1134-1
1130,メンズエステ Cucue (きゅきゅ),77,1130_1130-1
1134,M Spa (エムスパ),42,1134_1134-1
1119,Mrs Crystal (ミセスクリスタル) 名古屋,74,1119_1119-1
1140,Number9 (ナンバーナイン),53,1140_1140-1
1121,RESEXY (リゼクシー) 栄,176,1121_1121-1
1126,ゆりかご FC名古屋,118,1126_1126-1
1126,ゆりかご FC名古屋,118,1126_1126-1
1142,チャンス 名古屋 (旧フラワー),50,1142_1142-1
1134,M Spa (エムスパ),42,1134_1134-1
1136,Spur Luxury (シュプールラグジュアリー),50,1136_1136-1
1122,MADAME聖子 (マダムセイコ),117,1122_1122-1
1135,メンズエステ一宮,35,1135_1135-1
1126,ゆりかご FC名古屋,118,1126_1126-1
1119,Mrs Crystal (ミセスクリスタル) 名古屋,74,1119_1119-1
1119,Mrs Crystal (ミセスクリスタル) 名古屋,74,1119_1119-1
1130,メンズエステ Cucue (きゅきゅ),77,1130_1130-1
1119,Mrs Crystal (ミセスクリスタル) 名古屋,74,1119_1119-1
1123,タイガーアイ (旧タイガー),100,1123_1123-1
1126,ゆりかご FC名古屋,118,1126_1126-1
1120,Aroma Terrace (アロマテラス) 名古屋,109,1120_1120-1
1128,ENCORE (アンコール),30,1128_1128-1
1123,タイガーアイ (旧タイガー),100,1123_1123-1
1130,メンズエステ Cucue (きゅきゅ),77,1130_1130-1
1122,MADAME聖子 (マダムセイコ),117,1122_1122-1
1141,マジセラ (旧ワタセラ),40,1141_1141-1
1119,Mrs Crystal (ミセスクリスタル) 名古屋,74,1119_1119-1
1140,Number9 (ナンバーナイン),53,1140_1140-1
1121,RESEXY (リゼクシー) 栄,176,1121_1121-1
1126,ゆりかご FC名古屋,118,1126_1126-1
1126,ゆりかご FC名古屋,118,1126_1126-1
1142,チャンス 名古屋 (旧フラワー),50,1142_1142-1
1120,Aroma Terrace (アロマテラス) 名古屋,109,1120_1120-1
1142,チャンス 名古屋 (旧フラワー),50,1142_1142-1
1134,M Spa (エムスパ),42,1134_1134-1
1124,Marigold (マリーゴールド),128,1124_1124-1
1119,Mrs Crystal (ミセスクリスタル) 名古屋,74,1119_1119-1
1121,RESEXY (リゼクシー) 栄,176,1121_1121-1
1136,Spur Luxury (シュプールラグジュアリー),50,1136_1136-1
1123,タイガーアイ (旧タイガー),100,1123_1123-1
1126,ゆりかご FC名古屋,118,1126_1126-1
1127,century (センチュリー),100,1127_1127-1
1142,チャンス 名古屋 (旧フラワー),50,1142_1142-1
1130,メンズエステ Cucue (きゅきゅ),77,1130_1130-1
1128,ENCORE (アンコール),30,1128_1128-1
1132,Galaxy-NAGOYA (ギャラクシーナゴヤ),20,1132_1132-1
1125,GOLDEN ROSE (ゴールデンローズ),137,1125_1125-1
1134,M Spa (エムスパ),42,1134_1134-1
1143,milk repos (ミルクルポ),79,1143_1143-1
1136,Spur Luxury (シュプールラグジュアリー),50,1136_1136-1
1119,Mrs Crystal (ミセスクリスタル) 名古屋,74,1119_1119-1
1123,タイガーアイ (旧タイガー),100,1123_1123-1
1119,Mrs Crystal (ミセスクリスタル) 名古屋,74,1119_1119-1
1148,THE BLANC (ザブラン),38,1148_1148-1
1120,Aroma Terrace (アロマテラス) 名古屋,109,1120_1120-1
1134,M Spa (エムスパ),42,1134_1134-1
1124,Marigold (マリーゴールド),128,1124_1124-1
1120,Aroma Terrace (アロマテラス) 名古屋,109,1120_1120-1
1142,チャンス 名古屋 (旧フラワー),50,1142_1142-1
1123,タイガーアイ (旧タイガー),100,1123_1123-1
1131,Tororich (とろリッチ),61,1131_1131-1
1120,Aroma Terrace (アロマテラス) 名古屋,109,1120_1120-1
1137,Aromana (アロマーナ),297,1137_1137-1
1133,CAMPBELL (キャンベル),18,1133_1133-1
1127,century (センチュリー),100,1127_1127-1
1142,チャンス 名古屋 (旧フラワー),50,1142_1142-1
1130,メンズエステ Cucue (きゅきゅ),77,1130_1130-1
1125,GOLDEN ROSE (ゴールデンローズ),137,1125_1125-1
1134,M Spa (エムスパ),42,1134_1134-1
1138,RESEXY (リゼクシー) 栄,100,1138_1138-1
1129,RICH AROMA (リッチアロマ),25,1129_1129-1
1136,Spur Luxury (シュプールラグジュアリー),50,1136_1136-1
1139,VENIRE (ヴェニーレ),94,1139_1139-1
1122,MADAME聖子 (マダムセイコ),117,1122_1122-1
1141,マジセラ (旧ワタセラ),40,1141_1141-1
1139,VENIRE (ヴェニーレ),94,1139_1139-1
1127,century (センチュリー),100,1127_1127-1
1142,チャンス 名古屋 (旧フラワー),50,1142_1142-1
1128,ENCORE (アンコール),30,1128_1128-1
1125,GOLDEN ROSE (ゴールデンローズ),137,1125_1125-1
1124,Marigold (マリーゴールド),128,1124_1124-1
1119,Mrs Crystal (ミセスクリスタル) 名古屋,74,1119_1119-1
1119,Mrs Crystal (ミセスクリスタル) 名古屋,74,1119_1119-1
1120,Aroma Terrace (アロマテラス) 名古屋,109,1120_1120-1
1124,Marigold (マリーゴールド),128,1124_1124-1
1126,ゆりかご FC名古屋,118,1126_1126-1
1175,MadameRest (マダムレスト),44,1175_1175-1
1180,AROMA CHARIS (アロマカリス),66,1180_1180-1
1181,美吟 (ビギン) 船橋店,37,1181_1181-1
77504,Limited Spa (リミテッドスパ),76,77504-yuri
1182,M～second～ (エムセカンド),40,1182_1182-1
77503,Limited Spa (リミテッドスパ),76,77503-yuri
77505,Limited Spa (リミテッドスパ),76,77505-yuri
1183,LUANA (ルアナ) 柏,57,1183_1183-1
1176,ささやき (旧ラビット),190,1176_1176-1
1177,神のエステ 柏・松戸店,183,1177_1177-1
77433,超レベチなエステ24,48,77433-himawari-ran
1180,AROMA CHARIS (アロマカリス),66,1180_1180-1
1181,美吟 (ビギン) 船橋店,37,1181_1181-1
77435,超レベチなエステ24,48,77433-himawari-ran
1035,アロマギルド 津田沼,18,1035_1035-1
1184_1,ゆりかご 京都,60,1184_1_1184-1
1203,Feerique (フェリーク) 福岡,54,1203_1203-1
1205,メンズアロマ博多人妻さん,15,1205_1205-1
1204,Lion Heart (ライオンハート) 福岡,77,1204_1204-1
1207,MOTHERS (マザーズ),56,1207_1207-1
1206,Request (リクエスト),67,1206_1206-1
1208,ピンキーグラッツェ小倉,36,1208_1208-1
1207_1,MOTHERS (マザーズ),24,1207_1_1207-57
1189_1,Kobe Eslino (神戸エスリノ),100,1189_1_1189-1
1191_1,Mrs.melty (ミセスメルティー),94,1191_1_1191-1
1189_2,Kobe Eslino (神戸エスリノ),100,1189_2_1189-1
1187,ミセスムーンR 兵庫,98,1187_1187-1
1193_1,MRS.TENOR (ミセステノール),72,1193_1_1193-1
1189,Kobe Eslino (神戸エスリノ),100,1189_1189-1
1192,10ct RESORT (テンカラットリゾート),36,1192_1192-1
1190,KOBE QUEEN (コウベクイーン),63,1190_1190-1
1188,lemonade (レモネード) 神戸,100,1188_1188-1
1191,Mrs.melty (ミセスメルティー),94,1191_1191-1
1193,MRS.TENOR (ミセステノール),72,1193_1193-1
77411,doigt de fee (ドゥワドフェ),115,77404-iritani-moka
1145,ラビットスパ (Rabbit Spa) 横浜店,203,1145_1145-1
1148,THE BLANC (ザブラン),38,1148_1148-1
1151,Guarigione (グアリジョーネ),156,1151_1151-1
1158,リオラ (旧マリラ),61,1158_1158-1
1050,Pepe Spa (ペペスパ),47,1050_1050-1
1146,オトナコード4030 (旧オトナクチュール),51,1146_1146-1
1042,レッドアイ (Red Eye),113,1042_1042-1
1145,ラビットスパ (Rabbit Spa) 横浜店,203,1145_1145-1
1145,ラビットスパ (Rabbit Spa) 横浜店,203,1145_1145-1
1146,オトナコード4030 (旧オトナクチュール),51,1146_1146-1
1151,Guarigione (グアリジョーネ),156,1151_1151-1
1158,リオラ (旧マリラ),61,1158_1158-1
1146,オトナコード4030 (旧オトナクチュール),51,1146_1146-1
1145,ラビットスパ (Rabbit Spa) 横浜店,203,1145_1145-1
1148,THE BLANC (ザブラン),38,1148_1148-1
1144,ゆるスパ横浜店,63,1144_1144-1
1152,アプローチ 川崎店 (旧らんぷ新川崎),38,1152_1152-1
1153,DEEP ESSENTIAL (ディープエッセンシャル) 川崎,27,1153_1153-1
1154,Fromage (フロマージュ),32,1154_1154-1
1157,GOLD (ゴールド) 川崎・溝の口,72,1157_1157-1
1151,Guarigione (グアリジョーネ),156,1151_1151-1
77404,doigt de fee (ドゥワドフェ),115,77404-iritani-moka
1155,LIVSPA (リブスパ),27,1155_1155-1
77408,doigt de fee (ドゥワドフェ),115,77404-iritani-moka
77410,doigt de fee (ドゥワドフェ),115,77404-iritani-moka
77407,doigt de fee (ドゥワドフェ),115,77404-iritani-moka
77479,Ho・O・Zu・Ki・SPA (ホオズキスパ),94,77479-sawa-aiko
77409,doigt de fee (ドゥワドフェ),115,77404-iritani-moka
1156,RERE GROUP (リリグループ),27,1156_1156-1
1150,川崎メンズエステ RiRe (リル),50,1150_1150-1
1157,GOLD (ゴールド) 川崎・溝の口,72,1157_1157-1
1042,レッドアイ (Red Eye),113,1042_1042-1
1159,Agu (アグ) 武蔵小杉,57,1159_1159-1
1039,Aroma ELLA (アロマエラ),32,1039_1039-1
1161,ベッドオブローゼス（Bed of Roses） 旧スリーピングシープ,42,1161_1161-1
1145,ラビットスパ (Rabbit Spa) 横浜店,203,1145_1145-1
1156,RERE GROUP (リリグループ),27,1156_1156-1
1160,武蔵小杉 ROYCE (ロイス),36,1160_1160-1
1042,レッドアイ (Red Eye),113,1042_1042-1
1145,ラビットスパ (Rabbit Spa) 横浜店,203,1145_1145-1
1151,Guarigione (グアリジョーネ),156,1151_1151-1
1144,ゆるスパ横浜店,63,1144_1144-1
1042,レッドアイ (Red Eye),113,1042_1042-1
1156,RERE GROUP (リリグループ),27,1156_1156-1
1149,Marine (マリン) 横浜,60,1149_1149-1
1151,Guarigione (グアリジョーネ),156,1151_1151-1
1158,リオラ (旧マリラ),61,1158_1158-1
1146,オトナコード4030 (旧オトナクチュール),51,1146_1146-1
1145,ラビットスパ (Rabbit Spa) 横浜店,203,1145_1145-1
1148,THE BLANC (ザブラン),38,1148_1148-1
1147,ワイプライム (旧ワイプラ),41,1147_1147-1
1186_1,Pure White (ピュアホワイト),59,1186_1_1186-1
1186_3,Pure White (ピュアホワイト),59,1186_3_1186-1
1185,クイーンズプレミアム 旧グラマー,35,1185_1185-1
1184_3,ゆりかご 京都,60,1184_3_1184-1
1186,Pure White (ピュアホワイト),59,1186_1186-1
1186_2,Pure White (ピュアホワイト),59,1186_2_1186-1
1184_2,ゆりかご 京都,60,1184_2_1184-1
1196,ARENA SPA (アリーナスパ),49,1196_1196-1
1197,AROMA No5 (アロマファイブ) 仙台,34,1197_1197-1
1198,Aroma Rich (アロマリッチ) 仙台,26,1198_1198-1
1202,Cuaura (クオーラ),20,1202_1202-1
1201,ONE time (ワンタイム),22,1201_1201-1
1200,Platonic SPA (プラトニックスパ),53,1200_1200-1
1195,Pulunt (プルント),53,1195_1195-1
1199,SHIZUKU SPA (雫スパ),50,1199_1199-1
1068,美魔女セラピー大阪,164,1068_1068-1
1118,セレブスパプレミアム,62,1118_1118-1
1110,原価屋,86,1110_1110-1
1067,ダーリンプレミアム,111,1067_1067-1
1069,La vie et (ラヴィエ),92,1069_1069-1
1082,もくきん堂,90,1082_1082-1
1082,もくきん堂,90,1082_1082-1
1109,ベルマドンナ (旧ベラドンナ),153,1109_1109-1
1118,セレブスパプレミアム,62,1118_1118-1
1085,ミセスの子守唄,103,1085_1085-1
1082,もくきん堂,90,1082_1082-1
1073,僕のママスパ,74,1073_1073-1
1111,スーパーハッピーガールズ (SUPER HAPPY GIRLS),42,1111_1111-1
1105,タマネギ 大阪,61,1105_1105-1
1104,和いふらいん 大阪,83,1104_1104-1
1089,和いふらいん 大阪,83,1089_1089-1
1075,ビューティーアンドビースト,121,1075_1075-1
1067,ダーリンプレミアム,111,1067_1067-1
1069,La vie et (ラヴィエ),92,1069_1069-1
1081,ムフフフットケアセンター,32,1081_1081-1
1109,ベルマドンナ (旧ベラドンナ),153,1109_1109-1
1065,うさぎのお部屋,94,1065_1065-1
1118,セレブスパプレミアム,62,1118_1118-1
1107,DSP,56,1107_1107-1
1066,FIRST CLASS (ファーストクラス) 大阪,83,1066_1066-1
1115,Furyu 風流 (フウリュウ),59,1115_1115-1
1114,隠れ家~大人の癒し空間~,36,1114_1114-1
1116,マ・ジ・メSPA（マジメスパ）,78,1116_1116-1
1107,DSP,56,1107_1107-1
1094,LIRICA OSAKA (リリカ大阪),68,1094_1094-1
1068,美魔女セラピー大阪,164,1068_1068-1
1114,隠れ家~大人の癒し空間~,36,1114_1114-1
1112,FROG SPA (フロッグスパ),92,1112_1112-1
1113,Skit (スキット),45,1113_1113-1
1095,ミセスあまおうセラピ 旧ミセスマドンナ,36,1095_1095-1
1068,美魔女セラピー大阪,164,1068_1068-1
1096,Queen Spumante (クイーンスプマンテ),24,1096_1096-1
1066,FIRST CLASS (ファーストクラス) 大阪,83,1066_1066-1
1107,DSP,56,1107_1107-1
1066,FIRST CLASS (ファーストクラス) 大阪,83,1066_1066-1
1101,LEON SPA Gold (レオンスパゴールド),96,1101_1101-1
1100,ミセス美オーラ,190,1100_1100-1
1095,ミセスあまおうセラピ 旧ミセスマドンナ,36,1095_1095-1
1071,アロマワン,80,1071_1071-1
1109,ベルマドンナ (旧ベラドンナ),153,1109_1109-1
1068,美魔女セラピー大阪,164,1068_1068-1
1065,うさぎのお部屋,94,1065_1065-1
1118,セレブスパプレミアム,62,1118_1118-1
1092,C.r.e.a.m (クリーム),56,1092_1092-1
1107,DSP,56,1107_1107-1
1078,イーエスドールプレミアム,59,1078_1078-1
1066,FIRST CLASS (ファーストクラス) 大阪,83,1066_1066-1
1106,マダムと紳士,49,1106_1106-1
1116,マ・ジ・メSPA（マジメスパ）,78,1116_1116-1
1097,milk tea (ミルクティー),49,1097_1097-1
1087,ミセスムーンR 大阪,99,1087_1087-1
1108,俺の家,113,1108_1108-1
1099,Sanando (サナンド),41,1099_1099-1
1113,Skit (スキット),45,1113_1113-1
1091,SEACRET ROOM ひまわり,66,1091_1091-1
1111,スーパーハッピーガールズ (SUPER HAPPY GIRLS),42,1111_1111-1
1093,天上人PREMIUM,50,1093_1093-1
1109,ベルマドンナ (旧ベラドンナ),153,1109_1109-1
1118,セレブスパプレミアム,62,1118_1118-1
1082,もくきん堂,90,1082_1082-1
1109,ベルマドンナ (旧ベラドンナ),153,1109_1109-1
1065,うさぎのお部屋,94,1065_1065-1
1118,セレブスパプレミアム,62,1118_1118-1
1085,ミセスの子守唄,103,1085_1085-1
1103,LEON SPA (レオンスパ),41,1103_1103-1
1101,LEON SPA Gold (レオンスパゴールド),96,1101_1101-1
1087,ミセスムーンR 大阪,99,1087_1087-1
1076,SEACRET ROOM ひまわり,66,1076_1076-1
1095,ミセスあまおうセラピ 旧ミセスマドンナ,36,1095_1095-1
1109,ベルマドンナ (旧ベラドンナ),153,1109_1109-1
1068,美魔女セラピー大阪,164,1068_1068-1
1118,セレブスパプレミアム,62,1118_1118-1
1092,C.r.e.a.m (クリーム),56,1092_1092-1
1107,DSP,56,1107_1107-1
1078,イーエスドールプレミアム,59,1078_1078-1
1066,FIRST CLASS (ファーストクラス) 大阪,83,1066_1066-1
1112,FROG SPA (フロッグスパ),92,1112_1112-1
1115,Furyu 風流 (フウリュウ),59,1115_1115-1
1080,GOAT(ゴート) 旧琥珀,23,1080_1080-1
1077,こころのゆりかご 大阪,68,1077_1077-1
1085,ミセスの子守唄,103,1085_1085-1
1094,LIRICA OSAKA (リリカ大阪),68,1094_1094-1
1116,マ・ジ・メSPA（マジメスパ）,78,1116_1116-1
1087,ミセスムーンR 大阪,99,1087_1087-1
1096,Queen Spumante (クイーンスプマンテ),24,1096_1096-1
1113,Skit (スキット),45,1113_1113-1
1098,SPALOT.Mrs (スパロットミセス),49,1098_1098-1
1091,SEACRET ROOM ひまわり,66,1091_1091-1
1105,タマネギ 大阪,61,1105_1105-1
1093,天上人PREMIUM,50,1093_1093-1
1104,和いふらいん 大阪,83,1104_1104-1
1089,和いふらいん 大阪,83,1089_1089-1
1101,LEON SPA Gold (レオンスパゴールド),96,1101_1101-1
1100,ミセス美オーラ,190,1100_1100-1
1109,ベルマドンナ (旧ベラドンナ),153,1109_1109-1
1065,うさぎのお部屋,94,1065_1065-1
1118,セレブスパプレミアム,62,1118_1118-1
1107,DSP,56,1107_1107-1
1066,FIRST CLASS (ファーストクラス) 大阪,83,1066_1066-1
1077,こころのゆりかご 大阪,68,1077_1077-1
1085,ミセスの子守唄,103,1085_1085-1
1116,マ・ジ・メSPA（マジメスパ）,78,1116_1116-1
1082,もくきん堂,90,1082_1082-1
1100,ミセス美オーラ,190,1100_1100-1
1073,僕のママスパ,74,1073_1073-1
1098,SPALOT.Mrs (スパロットミセス),49,1098_1098-1
1091,SEACRET ROOM ひまわり,66,1091_1091-1
1107,DSP,56,1107_1107-1
1066,FIRST CLASS (ファーストクラス) 大阪,83,1066_1066-1
1113,Skit (スキット),45,1113_1113-1
1091,SEACRET ROOM ひまわり,66,1091_1091-1
1100,ミセス美オーラ,190,1100_1100-1
1091,SEACRET ROOM ひまわり,66,1091_1091-1
1105,タマネギ 大阪,61,1105_1105-1
1089,和いふらいん 大阪,83,1089_1089-1
1095,ミセスあまおうセラピ 旧ミセスマドンナ,36,1095_1095-1
1109,ベルマドンナ (旧ベラドンナ),153,1109_1109-1
1065,うさぎのお部屋,94,1065_1065-1
1118,セレブスパプレミアム,62,1118_1118-1
1092,C.r.e.a.m (クリーム),56,1092_1092-1
1107,DSP,56,1107_1107-1
1066,FIRST CLASS (ファーストクラス) 大阪,83,1066_1066-1
1106,マダムと紳士,49,1106_1106-1
1116,マ・ジ・メSPA（マジメスパ）,78,1116_1116-1
1087,ミセスムーンR 大阪,99,1087_1087-1
1108,俺の家,113,1108_1108-1
1091,SEACRET ROOM ひまわり,66,1091_1091-1
1111,スーパーハッピーガールズ (SUPER HAPPY GIRLS),42,1111_1111-1
1068,美魔女セラピー大阪,164,1068_1068-1
1065,うさぎのお部屋,94,1065_1065-1
1108,俺の家,113,1108_1108-1
1075,ビューティーアンドビースト,121,1075_1075-1
1109,ベルマドンナ (旧ベラドンナ),153,1109_1109-1
1068,美魔女セラピー大阪,164,1068_1068-1
1065,うさぎのお部屋,94,1065_1065-1
1118,セレブスパプレミアム,62,1118_1118-1
1067,ダーリンプレミアム,111,1067_1067-1
1107,DSP,56,1107_1107-1
1066,FIRST CLASS (ファーストクラス) 大阪,83,1066_1066-1
1115,Furyu 風流 (フウリュウ),59,1115_1115-1
1080,GOAT(ゴート) 旧琥珀,23,1080_1080-1
1114,隠れ家~大人の癒し空間~,36,1114_1114-1
1077,こころのゆりかご 大阪,68,1077_1077-1
1069,La vie et (ラヴィエ),92,1069_1069-1
1094,LIRICA OSAKA (リリカ大阪),68,1094_1094-1
1106,マダムと紳士,49,1106_1106-1
1116,マ・ジ・メSPA（マジメスパ）,78,1116_1116-1
1081,ムフフフットケアセンター,32,1081_1081-1
1073,僕のママスパ,74,1073_1073-1
1108,俺の家,113,1108_1108-1
1091,SEACRET ROOM ひまわり,66,1091_1091-1
1111,スーパーハッピーガールズ (SUPER HAPPY GIRLS),42,1111_1111-1
1070,スーパーハッピーガールズ (SUPER HAPPY GIRLS),42,1070_1070-1
1179,PLATINA (プラチナ) 川越,16,1179_1179-1
77509,Limited Spa (リミテッドスパ),76,77509-yuri
1162,神のエステ 大宮店,124,1162_1162-1
1172,今日子の姉妹 大宮,28,1172_1172-1
1173,らんぷ 大宮,37,1173_1173-1
1166,オフスート (Offsuit) 旧ランクプラス,94,1166_1166-1
1165,Queendom (クイーンダム),89,1165_1165-1
1171,Regis (レジス),29,1171_1171-1
himitsu_mrs_room_minamiurawa,秘密のミセスルーム 南浦和,4,himitsu_mrs_room_minamiurawa_綾瀬あい
muchispa_minamiurawa,むちすぱルーム 南浦和,4,muchispa_minamiurawa_長谷川みか
1174,メンズエステ妻 浦和,56,1174_1174-1
1166,オフスート (Offsuit) 旧ランクプラス,94,1166_1166-1
1171,Regis (レジス),29,1171_1171-1
1167,MABUI SPA (マブイスパ),79,1167_1167-1
1184,ゆりかご 京都,60,1184_1184-1
1184_5,ゆりかご 京都,60,1184_5_1184-1
1184_4,ゆりかご 京都,60,1184_4_1184-1
1158,リオラ (旧マリラ),61,1158_1158-1
77530,竜宮城 旧百万石,83,77530-hazuki-mio
tokyo_adachi_kitasenju_macherie,マシェリ,8,macherie_長澤 ゆり
tokyo_adachi_kitasenju_muchispa_room,むちすぱルーム 北千住,4,muchispa_room_長谷川 みか
tokyo_adachi_kitasenju_ranpu_kitasenju,らんぷ 北千住,8,ranpu_kitasenju_新垣 あい
tokyo_adachi_kitasenju_remis,ランス (REMIS) 旧ニルス,41,remis_如月 なな
tokyo_adachi_takenotsuka_aroma_banker,Aroma BANKER (アロマバンカー),4,aroma_banker_新垣 あい
tokyo_adachi_ushida_ranpu_kitasenju,らんぷ 北千住,73,ranpu_kitasenju_松山 えりな
tokyo_arakawa_nippori_aroma_giraffe,アロマジラフ 旧アロマオリオ,70,aroma_giraffe_加賀 みらい
tokyo_arakawa_nippori_deep_black,Deep Black (ディープブラック),31,deep_black_えりか
tokyo_chiyoda_akihabara_ar_tokyo,ar Tokyo (アールトウキョウ秋葉原),107,ar_tokyo_佐藤りか
tokyo_chiyoda_akihabara_aroma_amour,AROMA AMOUR (秋葉原店),65,aroma_amour_里吉るの
tokyo_chiyoda_akihabara_aroma_lunabelle_akihabara,Aroma Lunabelle (アロマルナベール秋葉原),57,aroma_lunabelle_夏目れいな
tokyo_chiyoda_akihabara_aroma_rejina,Aroma Rejina 秋葉原 (アロマレジーナ),94,aroma_rejina_神崎 るか
tokyo_chiyoda_akihabara_assouplir,Assouplir (アスプリー秋葉原店),57,assouplir_上原るみ
tokyo_chiyoda_akihabara_prispa,Prispa (プリスパ),78,prispa_坂口レイ
tokyo_chiyoda_akihabara_rex,Rex (レックス秋葉原店),42,rex_鈴森ひな
tokyo_chiyoda_akihabara_the_salon,The Salon (ザ・サロン秋葉原店),100,the_salon_ぴの
tokyo_chiyoda_akihabara_weal,Weal (ウィール秋葉原店),41,weal_椎名ななせ
tokyo_chiyoda_iwamotocho_kami_no_esthe,神のエステ (東京・岩本町店),51,kami_no_esthe_るるは
tokyo_chiyoda_jimbocho_queens_collection,QUEEN'S COLLECTION 神保町ルーム,47,queens_collection_千歳みづき
tokyo_chiyoda_kanda_chill_spa,Chill Spa (ちるスパ),20,chill_spa_あやか
tokyo_chiyoda_kanda_kami_no_esthe,神のエステ (東京・神田店),51,kami_no_esthe_るるは
tokyo_chiyoda_yotsuya_e_komachi,四ツ谷メンズエステ E小町 四谷店,90,e_komachi_早乙女 なお
tokyo_chofu_aroma_ella,Aroma ELLA (アロマエラ 調布店),32,aroma_ella_青葉りんか
tokyo_chofu_jesse,Jesse (ジェシー 調布店),60,jesse_あいり
tokyo_chofu_kami_chofu,神のエステ (調布店),116,kami_chofu_うた
tokyo_chofu_trendy_spa,TRENDY SPA (調布店),25,trendy_spa_真宮 ひかる
tokyo_chofu_unison_spa,ユニゾンスパ (調布店),106,unison_spa_小泉 ゆめ
tokyo_chuo_ginza_aroma_amour,AROMA AMOUR (銀座店),65,aroma_amour_里吉るの
tokyo_chuo_ginza_ginza_rich,Ginza Rich (銀座リッチ),53,ginza_rich_天使みな
tokyo_chuo_ginza_kami_no_esthe_shinbashi,神のエステ 新橋・銀座新富町店 (銀座),51,kami_no_esthe_shinbashi_ほのん
tokyo_chuo_ginza_otonaspa,大人のやすらぎSPA (銀座店),74,otonaspa_中条まどか
tokyo_chuo_ginza_ryugujo,竜宮城 旧百万石 (銀座店),84,ryugujo_葉月みお
tokyo_chuo_nihonbashi_kami_no_esthe,神のエステ (東京・日本橋店),51,kami_no_esthe_るるは
tokyo_chuo_ningyocho_ryugujo,竜宮城 旧百万石 (人形町店),84,ryugujo_葉月みお
tokyo_dispatch_aqua_premium,AQUA PREMIUM (アクアプレミアム),104,aqua_premium_石森れみ
tokyo_dispatch_because,ビコーズ (旧リオン),29,because_広瀬りお
tokyo_dispatch_candy_spa,Candy Spa (キャンディスパ),104,candy_spa_服部 ひより
tokyo_dispatch_hananoame,花の雨リラクゼーション,27,hananoame_椿 リオ
tokyo_dispatch_jukujo_tokyo,熟女東京,26,jukujo_tokyo_弓月 あいり
tokyo_dispatch_the_aroma,ザ アロマ (The Aroma),41,the_aroma_桜井みき
tokyo_dispatch_outside_no_brand,No Brand (ノーブランド),69,no_brand_藤本
tokyo_fuchu_aroma_ella,Aroma ELLA (アロマエラ 府中店),32,aroma_ella_青葉りんか
tokyo_fuchu_kami_chofu,神のエステ (府中店),116,kami_chofu_うた
tokyo_fuchu_luxury_romance,Luxury Romance GROUP (ラグジュアリーロマンスグループ),20,luxury_romance_星乃 りこ
tokyo_fuchu_syalulu,シャルル (旧ディープ府中),31,syalulu_れおな
tokyo_hachioji_rabbit_spa,ラビットスパ (Rabbit Spa) 立川店,68,rabbit_spa_いちか
tokyo_hachioji_rere,RERE GROUP (リリグループ),27,rere_平戸 明日香
tokyo_kita_alice,Alice (アリス) 赤羽,43,alice_橘みゆき
tokyo_kita_crest_spa_tokyo,CREST SPA TOKYO (クレストスパ),44,crest_spa_tokyo_ゆう
tokyo_kita_lamp_akabane,らんぷ 赤羽店,90,lamp_akabane_新藤あみ
tokyo_kita_yorimichi,よりみち (Yorimichi) (旧いごこち),116,yorimichi_三石いのり
tokyo_koganei_west_tokyo,WEST TOKYO (旧結有),30,west_tokyo_1
tokyo_kokubunji_aroma_ella,Aroma ELLA (アロマエラ 国分寺店),32,aroma_ella_青葉りんか
tokyo_kokubunji_esthe_bijin_madam,エステ美人マダム 三鷹店,26,esthe_bijin_madam_1
tokyo_kokubunji_west_tokyo,WEST TOKYO (旧結有),30,west_tokyo_1
tokyo_koto_kameido_muchispa_room,むちすぱルーム 亀戸,28,muchispa_room_るい
tokyo_koto_monzennakacho_rondo,ロンド 旧下弦の月 (門前仲町店),64,rondo_柊
tokyo_meguro_gakugei_daigaku_tokyo_esthe_club,東京えすてクラブ,18,tokyo_esthe_club_神谷のあ
tokyo_meguro_jiyugaoka_doigt_de_fee,doigt de fee (ドゥワドフェ),111,doigt_de_fee_二方あかね
tokyo_meguro_jiyugaoka_mens_esthe_group,メンエスグループ,113,mens_esthe_group_れな
tokyo_meguro_meguro_grace,GRACE (グレース),33,grace_石原あやか
tokyo_meguro_meguro_mens_esthe_group,メンエスグループ,113,mens_esthe_group_れな
tokyo_meguro_meguro_teacher_secret,女教師の秘め事,23,teacher_secret_白石 澪
tokyo_meguro_nakameguro_grace,GRACE (グレース),33,grace_石原あやか
60230,LINDA SPA (中目黒店),177,unknown_牧村くれは
60216,わたしのおうち,29,unknown_椿ひまり
tokyo_minato_akasaka_the_salon,The Salon (ザ・サロン赤坂店),100,the_salon_ぴの
tokyo_minato_azabujuban_kami_no_esthe,神のエステ (Kami no Esthe),308,kami_no_esthe_あきな
tokyo_minato_azabujuban_lunabelle,Aroma Lunabelle (麻布十番店),57,aroma_lunabelle_夏目れいな
60211,Aroma Blossom (広尾店),177,unknown_月音きょうか
60209,NATURAL (六本木店),59,unknown_水野まほ
tokyo_minato_shinbashi_kami_no_esthe_shinbashi,神のエステ 新橋・銀座新富町店 (新橋),51,kami_no_esthe_shinbashi_ほのん
tokyo_minato_shinbashi_lunabelle,Aroma Lunabelle (新橋店),57,aroma_lunabelle_夏目れいな
tokyo_minato_shinbashi_the_salon,The Salon (ザ・サロン新橋店),100,the_salon_ぴの
60212,Aroma Blossom (田町店),177,unknown_月音きょうか
tokyo_mitaka_aroma_ella,Aroma ELLA (アロマエラ 三鷹店),32,aroma_ella_青葉りんか
tokyo_mitaka_esthe_bijin_madam,エステ美人マダム 三鷹店,26,esthe_bijin_madam_1
tokyo_musashino_kichijoji_aroma_charmant,Aroma charmant (アロマシャルマント),26,aroma_charmant_まな
tokyo_musashino_kichijoji_esthe_bijin_madam,エステ美人マダム 三鷹店,26,esthe_bijin_madam_1
tokyo_musashino_kichijoji_kami_kichijoji,神のエステ 吉祥寺店,66,kami_kichijoji_まとい
tokyo_musashino_kichijoji_yorimichi,よりみち (Yorimichi) (旧いごこち),116,yorimichi_三石いのり
tokyo_nakano_red_ribbon,RED RIBBON (レッドリボン),64,red_ribbon_はに (SILVER)
tokyo_nerima_nerima_around_forty,アラウンドフォーティー,31,around_forty_さくら
tokyo_nerima_nerima_cannele,Cannele (カヌレ),35,cannele_ゆりな
tokyo_nerima_nerima_kami_no_esthe_nerima,神のエステ 練馬店,345,kami_no_esthe_nerima_まつり
tokyo_nerima_nerima_mens_esthe_group,メンエスグループ,113,mens_esthe_group_れな
tokyo_nerima_nerima_xenispa,ゼニスパ,77,xenispa_天使 のあ
tokyo_nerima_oizumigakuen_select,セレクト (SELECT),21,select_ゆずき
tokyo_ota_kamata_livspa,LIVSPA (リブスパ),27,livspa_深澤まき
tokyo_ota_kamata_pepe_spa,Pepe Spa (ペペスパ),47,pepe_spa_宇宙　さき
tokyo_setagaya_chitose_karasuyama_reve_spa,REVE SPA (レーヴスパ),38,reve_spa_畑野ゆず
tokyo_setagaya_chitose_karasuyama_unison_spa,ユニゾンスパ (千歳烏山店),106,unison_spa_小泉 ゆめ
tokyo_setagaya_futakotamagawa_jesse,Jesse (ジェシー 二子玉川店),60,jesse_あいり
tokyo_setagaya_futakotamagawa_menes_group,メンエスグループ 二子玉川,100,menes_group_かのん
tokyo_setagaya_futakotamagawa_mens_esthe_group,メンエスグループ,113,mens_esthe_group_れな
60204,Eren (経堂ルーム),5,unknown_涼宮ひとみ
tokyo_setagaya_meidaimae_reve_spa,REVE SPA (レーヴスパ),38,reve_spa_畑野ゆず
60203,LINDA SPA (三軒茶屋店),86,unknown_牧村くれは
60201,Eren (下北沢ルーム),5,unknown_涼宮ひとみ
60202,UraSanEsu (下北沢店),16,unknown_三浦みさと
60205,Eren (祖師谷大蔵ルーム),5,unknown_涼宮ひとみ
60327,ANAICHI (アナイチ),50,unknown_南野いおり
60351,Aroma Blanca (アロマブランカ),50,unknown_しらさき
60341,Aroma Blossom (恵比寿店),177,unknown_月音きょうか
60334,Aroma Miely (アロマミエリー),50,unknown_水川なつき
60343,AROMA TIAMO (アロマティアモ),67,unknown_宮田 かすみ(22)
60358,Belle É (ベルエ),31,unknown_綾瀬 ひかる
60347,Belle Lily (ベルリリィ),62,unknown_佐野 まりん(24)
60353,GRANMATOM (グランマトム),43,unknown_るな
60336,神のエステ,19,unknown_ディオール
60338,LINDA SPA (恵比寿店),185,unknown_牧村くれは
60361,MINERVA (ミネルバ),53,unknown_愛沢みみ
60349,NAOMI SPA (ナオミスパ),54,unknown_片桐ひめか (18)
60329,THE HALF (ザ・ハーフ),50,unknown_舞浜まりの
60364,SPA Real (スパレアル),46,unknown_優木 なお (19)
60319,Poonys (プーニーズ),9,unknown_みく
60324,Chocolate (代々木ルーム),6,unknown_白石 ゆな
60321,Aroma Levante (代々木ルーム),43,unknown_代々木ここ
60309,Gloria (グロリア),15,unknown_みさ
60318,極楽エステ,12,unknown_あおい
tokyo_shibuya_yoyogi_harajuku_kaminoesthe,Kamino Esthe (渋谷店),134,kaminoesthe_ゆゆ
60307,LugarTOKYO (代々木店),41,unknown_佐々木まおみ
60320,NATURAL (代々木店),59,unknown_水野まほ
60306,温故知新 (旧ユアタイム),14,unknown_笠谷
60313,六本木メンズエステ,55,unknown_みあ
60316,Silk (シルク),23,unknown_森 かれん
60315,Spa Ytree (ワイツリー),58,unknown_しおん
60308,Sugar Spa (シュガースパ),8,unknown_柏木 みこと
60322,UraSanEsu (ウラサネス),16,unknown_三浦みさと
tokyo_shinagawa_gotanda_aroma_rejina,Aroma Rejina (アロマレジーナ) 五反田,8,aroma_rejina_長澤 まゆ
60242,LugarTOKYO (五反田店),41,unknown_佐々木まおみ
tokyo_shinagawa_gotanda_lunabelle,Aroma Lunabelle (五反田店),57,aroma_lunabelle_夏目れいな
tokyo_shinagawa_gotanda_yuru_spa,ゆるスパ 五反田店,27,yuru_spa_胡桃もえ
60236,Esthe Spa (エステスパ),46,unknown_一ノ瀬ことみ
60235,LINDA SPA (目黒店),185,unknown_牧村くれは
60237,Aroma Blossom (大崎店),177,unknown_月音きょうか
60269,NATURAL (神楽坂店),59,unknown_水野まほ
tokyo_shinjuku_okubo_elteras,ELTERAS TOKYO (エルテラス),217,elteras_真白凛
tokyo_shinjuku_shinjuku_aroma_laluna,Aroma LaLuna (アロマラルーナ),118,aroma_laluna_咲蔵ゆうひ
tokyo_shinjuku_shinjuku_first,First (ファースト) 新宿店,36,first_辻せりな
60284,LugarTOKYO (新宿店),41,unknown_佐々木まおみ
tokyo_shinjuku_shinjuku_lunabelle,Aroma Lunabelle (新宿店),57,aroma_lunabelle_夏目れいな
tokyo_shinjuku_shinjuku_natural_organic_spa,Natural Organic Spa (ナチュラルオーガニックスパ),84,natural_organic_spa_すみれ
60254,Aroma Levante (新宿ルーム),43,unknown_代々木ここ
60255,Chocolate (新宿ルーム),6,unknown_白石 ゆな
60251,NATURAL (新宿御苑店),59,unknown_水野まほ
60252,Tokyo Panic (トウキョウパニック),50,unknown_瀬戸内えりか
60249,Chocolate (新大久保ルーム),6,unknown_白石 ゆな
60250,NATURAL (新大久保店),59,unknown_水野まほ
tokyo_shinjuku_takadanobaba_chat_noir,Chat noir (シャノワール),103,chat_noir_四ノ宮詩乃
tokyo_shinjuku_yotsuya_sanchome_e_komachi,四ツ谷メンズエステ E小町 四谷三丁目店,90,e_komachi_早乙女 なお
tokyo_suginami_koenji_spa_flame,スパフレイム (Spa Flame),50,spa_flame_くみ (新人)
tokyo_suginami_ogikubo_aroma_charmant,Aroma charmant (アロマシャルマント),26,aroma_charmant_まな
tokyo_suginami_ogikubo_crest_spa_tokyo,CREST SPA TOKYO (クレストスパ),44,crest_spa_tokyo_ゆう
tokyo_suginami_ogikubo_yorimichi,よりみち (Yorimichi) (旧いごこち),116,yorimichi_三石いのり
tokyo_sumida_kinshicho_aroma_cura,Aroma Cura (アロマクラ),31,aroma_cura_田中 ももこ
tokyo_sumida_kinshicho_kaminoesthe_kinshicho,神のエステ 錦糸町・亀戸店,149,kaminoesthe_kinshicho_さら
tokyo_sumida_kinshicho_wife_collection,ワイフコレクション,270,wife_collection_冴木 もえ
tokyo_sumida_ryougoku_otonaspa_kutsurogi,大人スパ くつろぎ 両国,11,otonaspa_kutsurogi_藤咲(ふじさき)
tokyo_tachikawa_crest_spa_tokyo,CREST SPA TOKYO (クレストスパ),44,crest_spa_tokyo_ゆう
tokyo_tachikawa_disini,Disini (ディシニ),53,disini_鎌田
tokyo_tachikawa_morganite,MORGANITE (モルガナイト),24,morganite_佐伯もも
tokyo_tachikawa_rabbit_spa,ラビットスパ (Rabbit Spa) 立川店,71,rabbit_spa_いちか
tokyo_taito_asakusabashi_assouplir,Assouplir (アスプリー浅草橋店),57,assouplir_上原るみ
tokyo_taito_asakusabashi_weal,Weal (ウィール浅草橋店),41,weal_椎名ななせ
tokyo_taito_ueno_aroma_rejina,Aroma Rejina (アロマレジーナ) 上野,8,aroma_rejina_長澤 まゆ
tokyo_taito_ueno_iyashinokuukan_annex,癒しの空間 Annex,7,iyashinokuukan_annex_星川 あい
tokyo_taito_ueno_ueno_luxury,Ueno Luxury (上野ラグジュアリー),8,ueno_luxury_新垣 あい
tokyo_tama_seisekisakuragaoka_trendy_spa,TRENDY SPA (聖蹟桜ヶ丘店),25,trendy_spa_真宮 ひかる
tokyo_tama_tamacenter_trendy_spa,TRENDY SPA (多摩センター店),25,trendy_spa_真宮 ひかる
tokyo_toshima_ikebukuro_fever,,53,fever_本田もえ
60303,NATURAL (池袋店),59,unknown_水野まほ
60298,Tokyo Fairy Land (東京フェアリーランド),52,unknown_りな
tokyo_toshima_sugamo_ulrare_sugamo,ウルレア巣鴨（旧リベア）,2,[object Object]